{
  "correspondence": [
    {
      "bodyText": "Test",
       "suggestions": [
        {
          "suggestedTemplateId": "12",
          "confidenceScore": ""
        }],
      "attachments": [
        {
          "fileType": "image/jpeg",
          "fileId": 779,
          "fileName": "united.jpg",
          "filePath": "/data/d_cuc_ws01/case_attachments/154400056725525/united.jpg"
        }
      ],
      "responseRequested": true,
      "date": "2018-12-05T09:02:47Z",
      "type": "webform",
      "correspondenceId": 1
    },
    {
      "correspondenceId": 2,
      "attachments": [
        {
          "fileId": 5575,
          "fileName": "CCAI_jpg_29.jpg",
          "filePath": "/data/d_cuc_ws01/case_attachments/155551207044677/CCAI_jpg_29.jpg",
          "fileType": "image/jpeg"
        },
        {
          "fileId": 5576,
          "fileName": "CCAI_tiff_57.tiff",
          "filePath": "/data/d_cuc_ws01/case_attachments/155551207044677/CCAI_tiff_57.tiff",
          "fileType": "image/tiff"
        }
      ]
    }
  ],
  "passengers": [
    {
      "city": "Houston",
      "countryCode": "US",
      "firstName": "PerfMZSB",
      "title": "MR",
      "frequentFlyerProgram": "",
      "lastName": "PerfMZSB",
      "state": "TX",
      "phoneNumber": "+18728721101",
      "address1": "1600 Smith Street",
      "postalCode": "77002",
      "isPrimary": true,
      "passengerId": 1,
      "email": "abhishek.chakilam@united.com"
    },
    {
      "address3": "",
      "firstName": "TESTER",
      "lastName": "TEST",
      "address2": "CHICAGO IL 60606",
      "ticketNumber": 162428211475,
      "ticketTotalCost": 420.2,
      "ticketTotalCostCurrency": "USD",
      "phoneNumber": "NO PHONE",
      "address1": "233 W WACKER",
      "isPrimary": false,
      "passengerId": 2,
      "mileagePlusNumber": ""
    }
  ],
  "agentId": "v781221",
  "ccaiCaseId": 154400056725525,
  "notes": [],
  "docType": "case",
  "preferredContactEmail": "abhishek.chakilam@united.com",
  "iPosIndicator": "en-US",
  "ccaiCaseStatus": "rerouted",
  "supervisorName": null,
  "key": "154400056725525",
  "agentName": null,
  "dateAssigned": "2018-12-05T15:55:11Z",
  "dateCreated": "2018-12-05T09:02:47Z",
  "_class": "com.united.customercare.model.ModelCase",
  "trip": {
    "recordLocator": "OZ5FMF",
    "tripSegments": [
      {
        "scheduledDepDate": "2019-01-07T08:16:00",
        "segmentId": 1,
        "originAirport": "ORD",
        "destinationAirport": "MSP",
        "flightDate": "2019-01-07T08:16:00.0000000",
        "flightNumber": 1683,
        "passengerIds": [
          1,
          2,
          3,
          4
        ],
        "carrierCode": "UA",
        "type": "flight"
      }
    ],
    "tripTotalCostCurrency": "USD",
    "tripTotalCost": 420.2
  },
  "feedback": [
    {
      "feedbackCategory": "Flight experience",
      "suggestions": [
        {
          "suggestedPrimaryCode": "1FODC",
          "suggestedDepartmentCode": "FO1",
          "suggestedDepartmentDescription": "1-Flight Operations",
          "suggestedTypeCode": "1",
          "confidenceScore": 0.20891936278578901,
          "suggestedTypeDescription": "Complaint",
          "suggestedPrimaryDescription": "Delay-Controllable"
        },
        {
          "suggestedPrimaryCode": "1ACAV",
          "suggestedDepartmentCode": "AC1",
          "suggestedDepartmentDescription": "2-Aircraft Cabin",
          "suggestedTypeCode": "1",
          "confidenceScore": 0.04595794469843131,
          "suggestedTypeDescription": "Complaint",
          "suggestedPrimaryDescription": "Entertainment (Audio/Video)"
        },
        {
          "suggestedPrimaryCode": "1ACWI",
          "suggestedDepartmentCode": "AC1",
          "suggestedDepartmentDescription": "2-Aircraft Cabin",
          "suggestedTypeCode": "1",
          "confidenceScore": 0.034828889299686215,
          "suggestedTypeDescription": "Complaint",
          "suggestedPrimaryDescription": "Wi-Fi"
        },
        {
          "confidenceScore": 0.03182033535308627,
          "suggestedPrimaryCode": "1CCPAW",
          "suggestedPrimaryDescription": "PROTeam Comp-Unaware of offer"
        },
        {
          "suggestedPrimaryCode": "1AOEM",
          "suggestedDepartmentCode": "AO1",
          "suggestedDepartmentDescription": "3-Airport",
          "suggestedTypeCode": "1",
          "confidenceScore": 0.02536653253910454,
          "suggestedTypeDescription": "Complaint",
          "suggestedPrimaryDescription": "Employee"
        }
      ],
      "type": "Concern",
      "selectedPrimaryCode": "123",
      "overrideDate": "2019-01-18T00:05:07Z",
      "agentId": ""
    },
    {
      "feedbackCategory": "Flight experience",
      "suggestions": [
        null
      ],
      "type": "Concern",
      "selectedPrimaryCode": "123",
      "overrideDate": "2019-01-18T00:05:07Z",
      "agentId": ""
    }
  ]
}