{
                "_class": "com.united.customercare.model.ModelCase",
                "agentId": "u040969",
                "ccaiCaseId": 157524941075599,
                "ccaiCaseStatus": "closed",
                "correspondence": [
                    {

                        "bodyText": "The TV screen for my seat did not work the entire flight. I was told to go to www.united.com/Unitedcares to select an offering. When I go to the website and enter my information it says my flight was not available. Attached is the photo of the document the flight crew provided me to redeem my offering.",
                        "correspondenceId": 1,
                        "date": "2019-12-02T01:16:50Z",
                        "responseRequested": true,
                        "suggestedBodyText": "The TV screen for my seat did not work the entire flight.\nI was told to go to www.united.com/Unitedcares to select an offering.\nWhen I go to the website and enter my information it says my flight was not available.\nAttached is the photo of the document the flight crew provided me to redeem my offering.",
                        "suggestions": [
                            null
                        ],
                        "type": "webform"
                    },
                    {
                      "attachments": [
                            {
                                "fileId": 994319,
                                "fileName": "023B4E30-6E83-4DF3-B6C4-F77C30FBCDB4.jpeg",
                                "filePath": "/data/case_attachments/157524941075599/023B4E30-6E83-4DF3-B6C4-F77C30FBCDB4.jpeg",
                                "fileType": "image/jpeg"
                            },
                         {
                                "fileId": 2000,
                                "fileName": "023B4E30-6E83-4DF3-B6C4-F77C30FBCDB4.jpeg",
                                "filePath": "/data/case_attachments/157524941075599/023B4E30-6E83-4DF3-B6C4-F77C30FBCDB4.jpeg",
                                "fileType": "image/jpeg"
                            }
                        ],

                        "agentId": "u040969",
                        "bodyText": "Hi Kyle,\n\nI'm sorry that our onboard entertainment wasn't working properly on your flight.\n\nYou expect an enjoyable and relaxing experience, and I'd like to make this right for you. I will send a $175 electronic travel certificate. You can use this certificate towards the purchase of your next United or United Express flight. It will arrive via email in the next few business days.\n\nI have also shared these details with our teams so we can have this repaired for future passengers.\n\nThank you for choosing United, and we look forward to seeing you in the future.\n\nRegards,\n\nKelly\nCustomer Care\nCase ID: 157524941075599",
                        "bodyTextHtml": "Hi Kyle,<br><br>I'm sorry that our onboard entertainment wasn't working properly on your flight.<br><br>You expect an enjoyable and relaxing experience, and I'd like to make this right for you. I will send a $175 electronic travel certificate. You can use this certificate towards the purchase of your next United or United Express flight. It will arrive via email in the next few business days.<br><br>I have also shared these details with our teams so we can have this repaired for future passengers.<br><br>Thank you for choosing United, and we look forward to seeing you in the future.<br><br>Regards,<br><br>Kelly<br>Customer Care<br>Case ID: 157524941075599",
                        "correspondenceId": 2,
                        "customerEmail": "Kylereyes2002@yahoo.com",
                        "date": "2019-12-04T09:53:27Z",
                        "responseRequested": false,
                        "selectedTemplateId": 38,
                        "suggestions": [
                            null
                        ],
                        "type": "agent"

                    }
                ],
                "dateAssigned": "2019-12-04T12:16:12Z",
                "dateClosed": "2019-12-04T09:53:28.688-06:00",
                "dateCreated": "2019-12-02T01:16:50Z",
                "docType": "case",
                "expirationDateTime": "2019-12-12T01:16:50Z",
                "ezCareCaseId": 18038929,
                "feedback": [
                    {
                        "agentId": "u040969",
                        "compensation": [
                            {
                                "amount": 175,
                                "currency": "USD",
                                "passengerIds": [
                                    994318
                                ],
                                "suggestedAmountSelected": true,
                                "suggestions": [
                                   {
                                        "maximumSuggestedCompensationAmount": "175",
                                        "meanSuggestedCompensationAmount": "150",
                                        "minimumSuggestedCompensationAmount": "125",
                                        "suggestedCompensationType": "etc"
                                    }
                                ],
                                "type": "EL"
                            }
                        ],
                        "date": "2019-12-04T09:53:27Z",
                        "feedbackCategory": "Flight experience",
                        "issueLocation": "NRT",
                        "mentionedEmployeeName": "",
                        "selectedDepartmentCode": "AC1",
                        "selectedDepartmentDescription": "2-Aircraft Cabin",
                        "selectedPrimaryCode": "1ACAV",
                        "selectedPrimaryDescription": "Entertainment (Audio/Video)",
                        "selectedTypeCode": "1",
                        "selectedTypeDescription": "Complaint",
                        "state": "closed",
                        "suggestedPrimarySelected": false,
                        "suggestions": [
                            {
                                "confidenceScore": 0.00936025547821164,
                                "suggestedDepartmentCode": "FO1",
                                "suggestedDepartmentDescription": "1-Flight Operations",
                                "suggestedPrimaryCode": "1FODC",
                                "suggestedPrimaryDescription": "Delay-Controllable",
                                "suggestedTypeCode": "1",
                                "suggestedTypeDescription": "Complaint"
                            },
                            {
                                "confidenceScore": 0.02442660764383188,
                                "suggestedDepartmentCode": "AC1",
                                "suggestedDepartmentDescription": "2-Aircraft Cabin",
                                "suggestedPrimaryCode": "1ACWI",
                                "suggestedPrimaryDescription": "Wi-Fi",
                                "suggestedTypeCode": "1",
                                "suggestedTypeDescription": "Complaint"
                            },
                            {
                                "confidenceScore": 0.024877406919115615,
                                "suggestedDepartmentCode": "CC1",
                                "suggestedDepartmentDescription": "7-Customer Care",
                                "suggestedPrimaryCode": "1CCPAW",
                                "suggestedPrimaryDescription": "PROTeam Comp-Unaware of offer",
                                "suggestedTypeCode": "1",
                                "suggestedTypeDescription": "Complaint"
                            },
                            {
                                "confidenceScore": 0.33197648980873823,
                                "suggestedDepartmentCode": "AC1",
                                "suggestedDepartmentDescription": "2-Aircraft Cabin",
                                "suggestedPrimaryCode": "1ACAV",
                                "suggestedPrimaryDescription": "Entertainment (Audio/Video)",
                                "suggestedTypeCode": "1",
                                "suggestedTypeDescription": "Complaint"
                            },
                            {
                                "confidenceScore": 0.44102202724349093,
                                "suggestedDepartmentCode": "CC1",
                                "suggestedDepartmentDescription": "7-Customer Care",
                                "suggestedPrimaryCode": "1CCPER",
                                "suggestedPrimaryDescription": "PROTeam Comp-Redemption Error",
                                "suggestedTypeCode": "1",
                                "suggestedTypeDescription": "Complaint"
                            }
                        ],
                        "type": "Inquiry"
                    }
                ],
                "iPosIndicator": "en-US",
                "notes": [
                    {
                        "agentId": "u040969",
                        "dateCreated": "2019-12-04T09:33:54Z",
                        "description": "gave comp",
                        "sequenceNumber": 1,
                        "type": "agent"
                    }
                ],
                "passengers": [
                    {
                        "address1": "6900 Lake Woodlands Dr",
                        "address2": "Apt 232",
                        "address3": "",
                        "addressType": "H",
                        "city": "The Woodlands",
                        "companyName": "",
                        "countryCode": "US",
                        "currentMPStatus": "Non-Elite",
                        "currentMPStatusCode": "0",
                        "currentMileageBalance": 6745,
                        "customerId": "141050183",
                        "customerValueScore": -13,
                        "dateOfBirth": "1988-04-13T00:00:00-05:00",
                        "email": "Kylereyes2002@yahoo.com",
                        "firstName": "Kyle",
                        "frequentFlyerProgram": "UA",
                        "isPrimary": true,
                        "isPrisonerOrGuard": false,
                        "lastName": "Reyes",
                        "lifetimeMiles": 8661,
                        "memberSinceDate": "2017-09-24T00:00:00",
                        "middleName": "Matthew",
                        "mileagePlusNumber": "WX894098",
                        "noteWorthyPerson": "false",
                       "passengerId": 994318,
                        "phoneExt": "",
                        "phoneNumber": "19514525290",
                        "phoneType": "WP",
                        "postalCode": "77382",
                        "premiereQualifyingDollars": 1349,
                        "premiereQualifyingMiles": 9671,
                        "premiereQualifyingSegments": 4,
                        "state": "TX",
                        "suffix": "",
                        "ticketNumber": "",
                        "ticketTotalCost": 0,
                        "title": "Mr.",
                        "type": "primary"
                    }
                ],
                "preferredContactEmail": "Kylereyes2002@yahoo.com",
                "queueId": "707584",
                "trip": {
                    "flightIncidents": [
                        null
                    ],
                    "recordLocator": "GTDMG8",
                    "tripSegments": [
                        {
                            "actualArrDate": "2019-12-09T20:00:00",
                            "actualArrDateLocal": "2019-12-09T14:00:00",
                            "actualDepDate": "2019-12-09T08:10:00",
                            "actualDepDateLocal": "2019-12-09T17:10:00",
                            "carrierCode": "UA",
                            "customerSelectedSegment": true,
                            "destinationAirport": "IAH",
                            "flightDate": "2019-12-09T17:10:00.00+09:00",
                            "flightNumber": 6,
                            "originAirport": "NRT",
                            "passengerIds": [
                                null
                            ],
                            "scheduledArrDate": "2019-12-09T20:00:00",
                            "scheduledArrDateLocal": "2019-12-09T14:00:00",
                            "scheduledDepDate": "2019-12-09T08:10:00",
                            "scheduledDepDateLocal": "2019-12-09T17:10:00",
                            "segmentId": 1,
                            "type": "flight"
                        }
                    ]
                }
            }
