{
  "_class": "com.united.customercare.model.ModelCase",
  "agentId": "u267831",
  "ccaiCaseId": 156747769783254,
  "ccaiCaseStatus": "closed",
  "correspondence": [
    {
      "bodyText": "We landed on time at Newark but had to wait over 90 minutes (from 8:10 to 9:57) on the tarmac because our gate was occupied due to delays. My pregnant wife was forced to sit for the entirety of this time as United Airlines policy is to have passengers stay seated during these kinds of delays. This is considered unsafe during pregnancy. Ultimately, we reached our destination 2 hours late.   We are quite disappointed in our experience with United tonight.",
      "correspondenceId": 1,
      "date": "2019-09-03T02:28:17Z",
      "responseRequested": true,
      "suggestedBodyText": "We landed on time at Newark but had to wait over 90 minutes (from 8:10 to 9:57) on the tarmac because our gate was occupied due to delays.\nMy pregnant wife was forced to sit for the entirety of this time as United Airlines policy is to have passengers stay seated during these kinds of delays.\nThis is considered unsafe during pregnancy.\nUltimately, we reached our destination 2 hours late.\nWe are quite disappointed in our experience with United tonight.",
      "type": "webform"
    },
    {
      "agentId": "u267831",
      "bodyText": "Hi AKASH,\n\nI'm sorry we didn't get you to your destination on time. It's always our goal to deliver a comfortable and reliable trip, and we apologize for not meeting these expectations.\n\nI will send to you and Nermarie a $150 electronic travel certificate each that will arrive via email within the next five business days. It can be used on any United or United Express flight.\n\nWe're always working to deliver a positive travel experience, and will continue to improve with your feedback.\n\nWe hope to regain your trust, and provide the service you deserve on your next journey.\n\nRegards,\n\nDavid\nCustomer Care\nCase ID: 156747769783254",
      "bodyTextHtml": "Hi AKASH,<br><br>I'm sorry we didn't get you to your destination on time. It's always our goal to deliver a comfortable and reliable trip, and we apologize for not meeting these expectations.<br><br>I will send to you and Nermarie a $150 electronic travel certificate each that will arrive via email within the next five business days. It can be used on any United or United Express flight.<br><br>We're always working to deliver a positive travel experience, and will continue to improve with your feedback.<br><br>We hope to regain your trust, and provide the service you deserve on your next journey.<br><br>Regards,<br><br>David<br>Customer Care<br>Case ID: 156747769783254",
      "correspondenceId": 2,
      "customerEmail": "Akash.Rajeev.Kumar@gmail.com",
      "date": "2019-09-05T11:15:18Z",
      "responseRequested": false,
      "selectedTemplateId": 15,
      "type": "agent"
    },
    {
      "bodyText": "Thank you David- we appreciate that gesture very much. I just got a electronic certificate for 150 via email- would it be just that or 150 each for Nermarie and I? Thank you again!\r\n\r\nAkash\r\n\r\nSent from my iPhone\r\n\r\n> On Sep 5, 2019, at 5:15 PM, customer.care@united.com wrote:\r\n> \r\n> Hi AKASH,\r\n> \r\n> I'm sorry we didn't get you to your destination on time. It's always our goal to deliver a comfortable and reliable trip, and we apologize for not meeting these expectations.\r\n> \r\n> I will send to you and Nermarie a $150 electronic travel certificate each that will arrive via email within the next five business days. It can be used on any United or United Express flight.\r\n> \r\n> We're always working to deliver a positive travel experience, and will continue to improve with your feedback.\r\n> \r\n> We hope to regain your trust, and provide the service you deserve on your next journey.\r\n> \r\n> Regards,\r\n> \r\n> David\r\n> Customer Care\r\n> Case ID: 156747769783254\r\n> \r\n> \r\n> ::: ORIGINAL EMAIL :::\r\n> \r\n> From:Akash.Rajeev.Kumar@gmail.com\r\n> \r\n> Message: We landed on time at Newark but had to wait over 90 minutes (from 8:10 to 9:57) on the tarmac because our gate was occupied due to delays. My pregnant wife was forced to sit for the entirety of this time as United Airlines policy is to have passengers stay seated during these kinds of delays. This is considered unsafe during pregnancy. Ultimately, we reached our destination 2 hours late. We are quite disappointed in our experience with United tonight.",
      "bodyTextHtml": "<html><head><meta http-equiv=\"Content-Type\" content=\"text/html; charset=utf-8\">  <meta name=\"Generator\" content=\"Microsoft Exchange Server\">  <!-- converted from text -->  <style><!-- .EmailQuote { margin-left: 1pt; padding-left: 4pt; border-left: #800000 2px solid; } --></style></head>  <body>  <font size=\"2\"><span style=\"font-size:11pt;\"><div class=\"PlainText\">Thank you David- we appreciate that gesture very much. I just got a electronic certificate for 150 via email- would it be just that or 150 each for Nermarie and I? Thank you again!<br>  <br>  Akash<br>  <br>  Sent from my iPhone<br>  <br>  &gt; On Sep 5, 2019, at 5:15 PM, customer.care@united.com wrote:<br>  &gt; <br>  &gt; Hi AKASH,<br>  &gt; <br>  &gt; I'm sorry we didn't get you to your destination on time. It's always our goal to deliver a comfortable and reliable trip, and we apologize for not meeting these expectations.<br>  &gt; <br>  &gt; I will send to you and Nermarie a $150 electronic travel certificate each that will arrive via email within the next five business days. It can be used on any United or United Express flight.<br>  &gt; <br>  &gt; We're always working to deliver a positive travel experience, and will continue to improve with your feedback.<br>  &gt; <br>  &gt; We hope to regain your trust, and provide the service you deserve on your next journey.<br>  &gt; <br>  &gt; Regards,<br>  &gt; <br>  &gt; David<br>  &gt; Customer Care<br>  &gt; Case ID: 156747769783254<br>  &gt; <br>  &gt; <br>  &gt; ::: ORIGINAL EMAIL :::<br>  &gt; <br>  &gt; From:Akash.Rajeev.Kumar@gmail.com<br>  &gt; <br>  &gt; Message: We landed on time at Newark but had to wait over 90 minutes (from 8:10 to 9:57) on the tarmac because our gate was occupied due to delays. My pregnant wife was forced to sit for the entirety of this time as United Airlines policy is to have passengers stay seated during these kinds of delays. This is considered unsafe during pregnancy. Ultimately, we reached our destination 2 hours late. We are quite disappointed in our experience with United tonight.<br>  </div></span></font>  </body>  </html>",
      "correspondenceId": 3,
      "customerEmail": "akash.rajeev.kumar@gmail.com",
      "date": "2019-09-05T21:33:09Z",
      "responseRequested": false,
      "type": "rebuttal"
    },
    {
      "agentId": "u267831",
      "bodyText": "Hi Akash,\n\n\n\nTwo were issued, one in each name. You say you did not receive Nermarie's......we have just emailed hers again to your email at Akash.Rajeev.Kumar@gmail.com.\n\n\nSorry and thank you for your patience.\n\n\nRegards,\n\nDavid\nCustomer Care\nCase ID: 156747769783254",
      "bodyTextHtml": "<div>Hi Akash, <br></div><div><br></div><div>Two were issued, one in each name. You say you did not receive Nermarie's......we have just emailed hers again to your email at Akash.Rajeev.Kumar@gmail.com.</div><div><br></div><div>Sorry and thank you for your patience.<br></div><br>Regards,<br><br>David<br>Customer Care<br>Case ID: 156747769783254",
      "correspondenceId": 4,
      "customerEmail": "nermav@gmail.com",
      "date": "2019-09-05T13:32:30Z",
      "responseRequested": false,
      "selectedTemplateId": 750,
      "type": "agent"
    }
  ],
  "dateAssigned": "2019-09-05T21:33:09Z",
  "dateClosed": "2019-09-05T18:32:34.214-05:00",
  "dateCreated": "2019-09-03T02:28:17Z",
  "docType": "case",
  "ezCareCaseId": 17480679,
  "feedback": [
    {
      "agentId": "u267831",
      "compensation": [
        {
          "amount": 150,
          "currency": "USD",
          "passengerIds": [
            628097,
            645558
          ],
          "suggestedAmountSelected": false,
          "suggestions": [
            {
              "maximumSuggestedCompensationAmount": "125",
              "meanSuggestedCompensationAmount": "100",
              "minimumSuggestedCompensationAmount": "75",
              "suggestedCompensationType": "etc"
            }
          ],
          "type": "EL"
        }
      ],
      "date": "2019-09-05T11:15:18Z",
      "feedbackCategory": "Flight experience",
      "issueLocation": "SAV",
      "mentionedEmployeeName": "",
      "selectedDepartmentCode": "FO1",
      "selectedDepartmentDescription": "1-Flight Operations",
      "selectedPrimaryCode": "1FODC",
      "selectedPrimaryDescription": "Delay-Controllable - 40%",
      "selectedTypeCode": "1",
      "selectedTypeDescription": "Complaint",
      "state": "closed",
      "suggestedPrimarySelected": true,
      "suggestions": [
        {
          "confidenceScore": 0.01994223734734993,
          "suggestedDepartmentCode": "CC1",
          "suggestedDepartmentDescription": "7-Customer Care",
          "suggestedPrimaryCode": "1CCPAW",
          "suggestedPrimaryDescription": "PROTeam Comp-Unaware of offer",
          "suggestedTypeCode": "1",
          "suggestedTypeDescription": "Complaint"
        },
        {
          "confidenceScore": 0.022268443887195684,
          "suggestedDepartmentCode": "FO1",
          "suggestedDepartmentDescription": "1-Flight Operations",
          "suggestedPrimaryCode": "1FOMC",
          "suggestedPrimaryDescription": "Misconnect-Controllable",
          "suggestedTypeCode": "1",
          "suggestedTypeDescription": "Complaint"
        },
        {
          "confidenceScore": 0.043966886849543405,
          "suggestedDepartmentCode": "FO1",
          "suggestedDepartmentDescription": "1-Flight Operations",
          "suggestedPrimaryCode": "1FOIU",
          "suggestedPrimaryDescription": "Irregularity-Uncontrollable",
          "suggestedTypeCode": "1",
          "suggestedTypeDescription": "Complaint"
        },
        {
          "confidenceScore": 0.3156376365399108,
          "suggestedDepartmentCode": "FO1",
          "suggestedDepartmentDescription": "1-Flight Operations",
          "suggestedPrimaryCode": "1FODU",
          "suggestedPrimaryDescription": "Delay-Uncontrollable",
          "suggestedTypeCode": "1",
          "suggestedTypeDescription": "Complaint"
        },
        {
          "confidenceScore": 0.40376360760313595,
          "suggestedDepartmentCode": "FO1",
          "suggestedDepartmentDescription": "1-Flight Operations",
          "suggestedPrimaryCode": "1FODC",
          "suggestedPrimaryDescription": "Delay-Controllable",
          "suggestedTypeCode": "1",
          "suggestedTypeDescription": "Complaint"
        }
      ],
      "type": "Concern"
    },
    {
      "agentId": "u267831",
      "date": "2019-09-05T13:32:30Z",
      "feedbackCategory": "Flight experience",
      "issueLocation": "XCUC",
      "mentionedEmployeeName": "",
      "selectedDepartmentCode": "CC1",
      "selectedDepartmentDescription": "7-Customer Care",
      "selectedPrimaryCode": "1CCCWA",
      "selectedPrimaryDescription": "Comp-Not Recd/Wrong Amt",
      "selectedTypeCode": "1",
      "selectedTypeDescription": "Complaint",
      "state": "closed",
      "suggestedPrimarySelected": false,
      "type": ""
    }
  ],
  "iPosIndicator": "en-US",
  "notes": [],
  "passengers": [
    {
      "address1": "320 E 22nd St",
      "address2": "Apt 5b",
      "address3": "",
      "addressType": "H",
      "city": "New York",
      "companyName": "",
      "countryCode": "US",
      "currentMPStatus": "Non-Elite",
      "currentMPStatusCode": "0",
      "currentMileageBalance": 1350,
      "customerId": "136426925",
      "customerValueScore": -22,
      "dateOfBirth": "1987-09-30T00:00:00-05:00",
      "email": "nermav@gmail.com",
      "firstName": "Nermarie",
      "frequentFlyerProgram": "UA",
      "isPrimary": false,
      "lastName": "Velazquez",
      "lifetimeMiles": 1396,
      "memberSinceDate": "2017-02-20T00:00:00",
      "middleName": "",
      "mileagePlusNumber": "RA940867",
      "noteWorthyPerson": "false",
      "passengerId": 628097,
      "phoneExt": "",
      "phoneNumber": "3700967",
      "phoneType": "WP",
      "postalCode": "100105705",
      "premiereQualifyingDollars": 0,
      "premiereQualifyingMiles": 0,
      "premiereQualifyingSegments": 0,
      "state": "NY",
      "suffix": "",
      "ticketTotalCost": 0,
      "title": "Ms.",
      "type": ""
    },
    {
      "address1": "",
      "addressType": "U",
      "city": "",
      "countryCode": "",
      "customerId": "5039707747",
      "email": "AKASH.RAJEEV.KUMAR@GMAIL.COM",
      "firstName": "AKASH",
      "isPrimary": true,
      "lastName": "KUMAR",
      "mileagePlusNumber": "",
      "passengerId": 645558,
      "phoneNumber": "",
      "phoneType": "U",
      "postalCode": "",
      "state": "",
      "suffix": "",
      "title": "",
      "type": "primary"
    }
  ],
  "preferredContactEmail": "Akash.Rajeev.Kumar@gmail.com",
  "trip": {
    "tripSegments": [
      {
        "actualArrDate": "2019-09-03T01:58:00",
        "actualArrDateLocal": "2019-09-02T21:58:00",
        "actualDepDate": "2019-09-02T22:17:00",
        "actualDepDateLocal": "2019-09-02T18:17:00",
        "carrierCode": "YX",
        "customerSelectedSegment": true,
        "delayArrivalMinutes": "89",
        "delayDepartureMinutes": "2",
        "destinationAirport": "EWR",
        "flightDate": "2019-09-02T12:00:00-04:00",
        "flightNumber": 3427,
        "originAirport": "SAV",
        "passengerIds": [
          null
        ],
        "scheduledArrDate": "2019-09-03T00:29:00",
        "scheduledArrDateLocal": "2019-09-02T20:29:00",
        "scheduledDepDate": "2019-09-02T22:15:00",
        "scheduledDepDateLocal": "2019-09-02T18:15:00",
        "segmentId": 1,
        "type": "flight"
      }
    ]
  }
}