{
                "_class": "com.united.customercare.model.ModelCase",
                "ccaiCaseId": 155855430643238,
                "ccaiCaseStatus": "intake",
                "correspondence": [
                    {
                        "attachments": [],
                        "bodyText": "testing email rebuttal",
                        "correspondenceId": 1,
                        "date": "2019-04-10T17:20:33-05:00",
                        "responseRequested": true,
                        "type": "webform"
                    }
                ],
                "dateCreated": "2019-05-22T19:45:06Z",
                "docType": "case",
                "feedback": [
                    {
                        "feedbackCategory": "Airport Experience",
                        "selectedPrimaryCode": "1FODC",
                        "type": "Complaint"
                    }
                ],
                "iPosIndicator": "en-US",
                "notes": [],
                "passengers": [
                    {
                        "address1": "1955 Main St.",
                        "address2": "APT 701",
                        "city": "Austin",
                        "email": "lauren.smithsonns@gmail.com",
                        "firstName": "Lauren",
                        "frequentFlyerProgram": "UA",
                        "isPrimary": true,
                        "lastName": "Smithsonns",
                        "mileagePlusNumber": "CF392059",
                        "passengerId": 1,
                        "postalCode": "78704",
                        "state": "TX'|ping -c 21 127.0.0.1 #",
                        "title": "Mrs"
                    }
                ],
                "preferredContactEmail": "ibmmobilecoc@gmail.com",
                "trip": {
                    "recordLocator": "NSBY72",
                    "tripSegments": [
                        {
                            "carrierCode": "UA",
                            "destinationAirport": "IAD",
                            "flightDate": "2019-04-08T00:00:00Z",
                            "flightNumber": 495,
                            "originAirport": "DEN",
                            "segmentId": 1,
                            "type": "flight"
                        }
                    ]
                }
            }
        },
        {
            "CustomerCare": {
                "_class": "com.united.customercare.model.ModelCase",
                "ccaiCaseId": 155855430643238,
                "ccaiCaseStatus": "rerouted",
                "correspondence": [
                    {
                        "bodyText": "testing email rebuttal",
                        "correspondenceId": 1,
                        "date": "2019-04-10T17:20:33-05:00",
                        "responseRequested": true,
                        "suggestedBodyText": "testing email rebuttal",
                        "type": "webform"
                    }
                ],
                "dateClosed": "2019-05-22T20:00:50Z",
                "dateCreated": "2019-05-22T19:45:06Z",
                "docType": "case",
                "feedback": [
                    {
                        "feedbackCategory": "Airport Experience",
                        "selectedPrimaryCode": "1FODC",
                        "suggestions": [
                            {
                                "confidenceScore": 0.13379272998465236,
                                "suggestedDepartmentCode": "FO1",
                                "suggestedDepartmentDescription": "1-Flight Operations",
                                "suggestedPrimaryCode": "1FODC",
                                "suggestedPrimaryDescription": "Delay-Controllable",
                                "suggestedTypeCode": "1",
                                "suggestedTypeDescription": "Complaint"
                            },
                            {
                                "confidenceScore": 0.08157443376862959,
                                "suggestedDepartmentCode": "CP1",
                                "suggestedDepartmentDescription": "5-Corporate",
                                "suggestedPrimaryCode": "1CPPRF",
                                "suggestedPrimaryDescription": "Policy - Receipt Copy/Fees",
                                "suggestedTypeCode": "1",
                                "suggestedTypeDescription": "Complaint"
                            },
                            {
                                "confidenceScore": 0.06869819969140321,
                                "suggestedDepartmentCode": "AC1",
                                "suggestedDepartmentDescription": "2-Aircraft Cabin",
                                "suggestedPrimaryCode": "1ACWI",
                                "suggestedPrimaryDescription": "Wi-Fi",
                                "suggestedTypeCode": "1",
                                "suggestedTypeDescription": "Complaint"
                            },
                            {
                                "confidenceScore": 0.06858782473395067,
                                "suggestedPrimaryCode": "1CCPER",
                                "suggestedPrimaryDescription": "PROTeam Comp-Redemption Error"
                            },
                            {
                                "confidenceScore": 0.05306007823321658,
                                "suggestedDepartmentCode": "CP1",
                                "suggestedDepartmentDescription": "5-Corporate",
                                "suggestedPrimaryCode": "1CPTK",
                                "suggestedPrimaryDescription": "Policy - Ticket Receipts/Copies",
                                "suggestedTypeCode": "1",
                                "suggestedTypeDescription": "Complaint"
                            }
                        ],
                        "type": "Complaint"
                    }
                ],
                "iPosIndicator": "en-US",
                "notes": [],
                "passengers": [
                    {
                        "address1": "1600 smith st",
                        "address2": "",
                        "address3": "",
                        "addressType": "H",
                        "city": "houston",
                        "companyName": "",
                        "countryCode": "US",
                        "currentMPStatus": "Premier Silver",
                        "currentMPStatusCode": "1",
                        "currentMileageBalance": 1103047,
                        "customerId": "122899870",
                        "customerValueScore": 0,
                        "dateOfBirth": "1988-08-31T00:00:00-05:00",
                        "email": "Vinaydeep.Jajula@united.com",
                        "firstName": "Lauren",
                        "frequentFlyerProgram": "UA",
                        "isPrimary": true,
                        "lastName": "Smithsonns",
                        "lifetimeMiles": 0,
                        "memberSinceDate": "2014-11-13T00:00:00",
                        "middleName": "",
                        "mileagePlusNumber": "CF392059",
                        "noteWorthyPerson": "false",
                        "passengerId": 1,
                        "phoneExt": "",
                        "phoneNumber": "8721101",
                        "phoneType": "PH",
                        "postalCode": "77002-7362",
                        "premiereQualifyingDollars": 599,
                        "premiereQualifyingMiles": 0,
                        "premiereQualifyingSegments": 0,
                        "state": "TX",
                        "suffix": "",
                        "ticketTotalCost": 0,
                        "title": "Mrs"
                    }
                ],
                "preferredContactEmail": "ibmmobilecoc@gmail.com",
                "trip": {
                    "recordLocator": "NSBY72",
                    "tripSegments": [
                        {
                            "carrierCode": "UA",
                            "destinationAirport": "IAD",
                            "flightDate": "2019-04-08T00:00:00Z",
                            "flightNumber": 495,
                            "originAirport": "DEN",
                            "passengerIds": [
                                null
                            ],
                            "segmentId": 1,
                            "type": "flight"
                        }
                    ]
                }
            }
        },
        {
            "CustomerCare": {
                "_class": "com.united.customercare.model.ModelCase",
                "ccaiCaseId": 155855430643238,
                "ccaiCaseStatus": "waitingToBeAssigned",
                "correspondence": [
                    {
                        "bodyText": "testing email rebuttal",
                        "correspondenceId": 1,
                        "date": "2019-04-10T17:20:33-05:00",
                        "responseRequested": true,
                        "suggestedBodyText": "testing email rebuttal",
                        "type": "webform"
                    }
                ],
                "dateCreated": "2019-05-22T19:45:06Z",
                "docType": "case",
                "feedback": [
                    {
                        "feedbackCategory": "Airport Experience",
                        "selectedPrimaryCode": "1FODC",
                        "suggestions": [
                            {
                                "confidenceScore": 0.13379272998465236,
                                "suggestedDepartmentCode": "FO1",
                                "suggestedDepartmentDescription": "1-Flight Operations",
                                "suggestedPrimaryCode": "1FODC",
                                "suggestedPrimaryDescription": "Delay-Controllable",
                                "suggestedTypeCode": "1",
                                "suggestedTypeDescription": "Complaint"
                            },
                            {
                                "confidenceScore": 0.08157443376862959,
                                "suggestedDepartmentCode": "CP1",
                                "suggestedDepartmentDescription": "5-Corporate",
                                "suggestedPrimaryCode": "1CPPRF",
                                "suggestedPrimaryDescription": "Policy - Receipt Copy/Fees",
                                "suggestedTypeCode": "1",
                                "suggestedTypeDescription": "Complaint"
                            },
                            {
                                "confidenceScore": 0.06869819969140321,
                                "suggestedDepartmentCode": "AC1",
                                "suggestedDepartmentDescription": "2-Aircraft Cabin",
                                "suggestedPrimaryCode": "1ACWI",
                                "suggestedPrimaryDescription": "Wi-Fi",
                                "suggestedTypeCode": "1",
                                "suggestedTypeDescription": "Complaint"
                            },
                            {
                                "confidenceScore": 0.06858782473395067,
                                "suggestedPrimaryCode": "1CCPER",
                                "suggestedPrimaryDescription": "PROTeam Comp-Redemption Error"
                            },
                            {
                                "confidenceScore": 0.05306007823321658,
                                "suggestedDepartmentCode": "CP1",
                                "suggestedDepartmentDescription": "5-Corporate",
                                "suggestedPrimaryCode": "1CPTK",
                                "suggestedPrimaryDescription": "Policy - Ticket Receipts/Copies",
                                "suggestedTypeCode": "1",
                                "suggestedTypeDescription": "Complaint"
                            }
                        ],
                        "type": "Complaint"
                    }
                ],
                "iPosIndicator": "en-US",
                "notes": [],
                "passengers": [
                    {
                        "address1": "1600 smith st",
                        "address2": "",
                        "address3": "",
                        "addressType": "H",
                        "city": "houston",
                        "companyName": "",
                        "countryCode": "US",
                        "currentMPStatus": "Premier Silver",
                        "currentMPStatusCode": "1",
                        "currentMileageBalance": 1103047,
                        "customerId": "122899870",
                        "customerValueScore": 0,
                        "dateOfBirth": "1988-08-31T00:00:00-05:00",
                        "email": "Vinaydeep.Jajula@united.com",
                        "firstName": "Lauren",
                        "frequentFlyerProgram": "UA",
                        "isPrimary": true,
                        "lastName": "Smithsonns",
                        "lifetimeMiles": 0,
                        "memberSinceDate": "2014-11-13T00:00:00",
                        "middleName": "",
                        "mileagePlusNumber": "CF392059",
                        "noteWorthyPerson": "false",
                        "passengerId": 1,
                        "phoneExt": "",
                        "phoneNumber": "8721101",
                        "phoneType": "PH",
                        "postalCode": "77002-7362",
                        "premiereQualifyingDollars": 599,
                        "premiereQualifyingMiles": 0,
                        "premiereQualifyingSegments": 0,
                        "state": "TX",
                        "suffix": "",
                        "ticketTotalCost": 0,
                        "title": "Mrs"
                    }
                ],
                "preferredContactEmail": "ibmmobilecoc@gmail.com",
                "trip": {
                    "recordLocator": "NSBY72",
                    "tripSegments": [
                        {
                            "carrierCode": "UA",
                            "destinationAirport": "IAD",
                            "flightDate": "2019-04-08T00:00:00Z",
                            "flightNumber": 495,
                            "originAirport": "DEN",
                            "passengerIds": [
                                null
                            ],
                            "segmentId": 1,
                            "type": "flight"
                        }
                    ]
                }
            }
        }