document_id,sentence,sentence_start_pos,sentence_end_pos,ua_call_driver,call_driver_level_1,call_driver_level_2,call_driver_level_3,call_driver_level_4,call_driver_level_5
783342003,"I let me just a reason why I am saying that is because we have a new policy that is in the fact that tickets United they are non, refundable and they are only good for one year from the date of issue with so if they take it now and then they make a change so a record it is only going to be good until now or year from today when they do not have to take it into the third of June we are talking to more than six months from now.",962,1382,Voluntary Change,Voluntary Change,,,,
783342003,"Hello, yeah, she said they wanted to get now that they trying to get their seats and they want to Economy Plus seating that is the deal.",2069,2204,Seating,Seating,,,,
783825001,I am we are actually our final destination in Seattle.,405,457,Seating,Seating,,,,
783825001,"The government does or on the travel agency that you have the book with with this one and tell them when will it be confirmed or if they can confirm it on there and so we can the past for yes, cause if not also you could do that one at the airport when you arrive there, but that will be like a risky five kids will just have like four, that is allowed in every area.",1268,1634,Booking >> Booking - Travel Agency,Booking , Booking - Travel Agency,,,
783825001,Can I have your the original seat of your travel.,231,280,Seating,Seating,,,,
783825001,You have the first one on a travel agency.,813,855,Booking >> Booking - Travel Agency,Booking , Booking - Travel Agency,,,
783825001,I need to I had a pet on to my reservations sure and.,45,98,Traveler Updates >> Information >> Traveler Info - Pet Travel >> Pet Travel - In Cargo,Traveler Updates , Information , Traveler Info - Pet Travel , Pet Travel - In Cargo,
