<configuration>

   <property>

      <name>javax.jdo.option.ConnectionURL</name>

      <value>jdbc:mysql://localhost/metastore?createDatabaseIfNotExist=true</value>

      <description>metadata is stored in a MySQL server</description>

   </property>

   <property>

      <name>javax.jdo.option.ConnectionDriverName</name>

      <value>com.mysql.jdbc.Driver</value>

      <description>MySQL JDBC driver class</description>

   </property>

   <property>

      <name>javax.jdo.option.ConnectionUserName</name>

      <value>antim</value>

      <description>user name for connecting to mysql server</description>

   </property>



   <property>

      <name>javax.jdo.option.ConnectionPassword</name>

      <value>antim</value>

      <description>password for connecting to mysql server</description>

   </property>

<property>
     <name>hive.metastore.warehouse.dir</name>
     <value>hdfs://localhost:9000/user/hive/warehouse/</value>
     <description>location of default database for the warehouse</description>
  </property>



<property>
    <name>hive.metastore.schema.verification</name>
    <value>false</value>
</property>


</configuration>
