document_id,sentence,sentence_start_pos,sentence_end_pos,ua_call_driver
783825001,I mean from Charleston.,397,420,
783342003,There is no purpose of this.,1451,1478,
783825001,So I can not on these reservation.,1031,1065,
783342003,We do not have to turn it over to them.,660,698,
783342003,"Hi, this is Karen it is a group support desk.",0,44,
783825001,"Um, no, I do not have like a confirmation number, but what else what other information.",171,258,
783342003,"Oh, you are welcome.",3741,3760,
783342003,I can with you can look into this,147,180,
783825001,Okay.,676,681,
783342003,"Now, I mean, it is not like it is one year from the date of issue and then we carried on and United we do not we do not carry it over one moment please.",2662,2811,
783825001,"Uses for this one because it is been ticket that the other words, I mean on the do but get on like in a government, yes.",856,975,
783342003,And the check out we sent a check United to release the records a check to her.,3144,3223,
783342003,You can change it.,2812,2830,
783825001,I am sorry your last name is Marilyn B E R L I N. Okay.,476,530,
783342003,Okay.,956,961,
783342003,"Hey, I am good how are you Karen.",79,111,
783342003,Have a good day you too.,3761,3785,
783342003,"Oh Angela, they have a shelf life.",2627,2661,
783342003,"So she want to maintain say, I got to account once we do that then we will only work with those new agency, yes, so here is the problem the deposits already on record a refundable deposit.",394,580,
783825001,Thank you so much and can I have your last name.,427,475,
783342003,Alrighty.,3706,3715,
783825001,It is okay.,99,109,
783825001,Okay.,193,198,
783825001,So the oh hair International terminal to.,330,371,
783342003,So you my let them know about unless you plan on taking media live.,1383,1450,
783342003,"Okay, so what we have to do it are you talking with Peggy.",2898,2956,
783825001,This light.,1067,1078,
783342003,I do not know what.,0,18,
783342003,It is Jean Evans.,3556,3572,
783342003,"I let me just a reason why I am saying that is because we have a new policy that is in the fact that tickets United they are non, refundable and they are only good for one year from the date of issue with so if they take it now and then they make a change so a record it is only going to be good until now or year from today when they do not have to take it into the third of June we are talking to more than six months from now.",962,1382,Voluntary Change
783825001,So please call them and then call us back once it is already.,1635,1695,
783825001,Okay.,1797,1802,
783342003,I just know that that deposit will go back to the original agency.,2831,2897,
783342003,"I mean, so I just put it in the comments yep and then have the agency that is being re assign to call us and that is on will reassign.",3573,3705,
783825001,"Yes, the because we are traveling on orders.",579,622,
783825001,Is going to?,281,293,
783342003,I would like to that is silly the ticket now and ticketing is not until June and you want to make sure they understand these tickets and only have a shelf life.,2474,2626,
783825001,You thank you for calling this is United um.,0,44,
783825001,Be in front of that Aberle and you B E R L I am.,525,573,
783342003,So then we just documenting comments that they are taking over taking.,787,856,
783342003,"Need to also get a group when you the information no we have not released it thankfully, we can release that we can not do that hold on.",3224,3357,
783825001,"Let me check and the just want to give you heads up also of that for I mean, I did eight that that would be $125 for waiting.",550,675,
783825001,The original City is Charleston International Airport.,275,329,
783825001,Thank you also for,1744,1762,
783825001,I guess my husband was in the military.,623,662,
783825001,Okay.,421,426,
783825001,That is right and 1:19 PM.,459,484,
783825001,It has not been confirmed yet.,1001,1030,
783825001,And and what date is zero travel?,294,327,
783342003,So the other agents is just going to take it out about all they are going to do well.,581,659,
783342003,We can not guarantee the fair.,2389,2417,
783342003,"Okay, thanks care.",3722,3740,
783342003,"Hello, yeah, she said they wanted to get now that they trying to get their seats and they want to Economy Plus seating that is the deal.",2069,2204,Seating
783825001,And I be the preferred cats were a kid and it should not be under four month old during the trouble.,86,186,
783342003,"Okay total of ## passengers and it has to your group, yes agency want to turn it over to another agency for ticketing.",275,393,
783825001,And for verification purposes.,696,726,
783825001,Okay.,790,795,
783342003,Okay.,3550,3555,
783825001,"Yes, cause for this one.",1079,1103,
783825001,Thank you so much.,531,549,
783342003,"Okay, so it will take a we need to have her tell us what the agency is we documented and commented Peggy as authorized X Y Z agency been that agency has to call us and that is when we re assign.",3358,3549,
783342003,"Yeah, it was my they get a check it immediately because it is sickening is until the third of June.",857,955,
783825001,###.,574,578,
783825001,Let me check.,682,695,
783825001,Thank you so much nope.,796,819,
783825001,I am we are actually our final destination in Seattle.,405,457,Seating
783825001,"Everyone, E E B as in boy a R L I N ##.",485,524,
783342003,Okay tell tell you we have a document to record and they are wanting to change the the agency we document and the record take a call.,2957,3089,
783342003,Okay.,3716,3721,
783825001,Can I have your date of birth Julie Annie three?,727,775,
783342003,Thank you moment.,257,274,
783825001,Okay.,187,192,
783825001,Can I give you?,259,274,
783825001,"Okay, it is not when you give me your.",133,170,
783825001,It has not been confirm the ads and as much as they want to do that that since it is not yet them for a so we can not Annie a delivery or ## and gabbing for this one.,1104,1267,
783825001,"The government does or on the travel agency that you have the book with with this one and tell them when will it be confirmed or if they can confirm it on there and so we can the past for yes, cause if not also you could do that one at the airport when you arrive there, but that will be like a risky five kids will just have like four, that is allowed in every area.",1268,1634,Booking >> Booking - Travel Agency
783825001,"Okay, let me check and I mean what time is your flight from Chicago.",328,396,
783342003,"Okay, United get a groove records.",112,146,
783825001,I understand okay.,771,789,
783342003,Once we have already sent it took me a letter to Peggy.,3090,3143,
783825001,Be glad to add that one for you can if you could be I mean what kind of classes that.,0,85,
783825001,using and I have a great day,1767,1795,
783825001,Can I have your the original seat of your travel.,231,280,Seating
783825001,Confirmed so that we can add that that for you.,1696,1743,
783342003,I mean hang on a second I want to look at core I am tight.,2418,2473,
783825001,You have the first one on a travel agency.,813,855,Booking >> Booking - Travel Agency
783825001,You please call.,754,770,
783342003,"But she would still change the I had a winter we had a deposit and I will call well now, we should actually be refunding the deposit having to start all over that is what they want to do.",2206,2388,
783825001,Thank you so much for checking here.,776,812,
783825001,Wendy que book this was booked it looks as though it was booked on the eighth of November.,663,753,
783342003,How can I help you thank you one.,45,78,
783342003,"Yeah, I can re send the bill deposit, um think a little different find out what is what is going on or that is a new agency just going to be actually issuing the tickets let me just.",1891,2068,
783825001,I need to I had a pet on to my reservations sure and.,45,98,Traveler Updates >> Information >> Traveler Info - Pet Travel >> Pet Travel - In Cargo
783342003,They can just we can release the record to them when they are ready to claim that.,699,780,
783342003,There is no deposit hang on a second.,1854,1890,
783825001,You too bye yep.,820,836,
783342003,Okay.,781,786,
783825001,You something for him.,110,132,
783342003,"Okay return to get over to it checking it it took it turning it over to a ticketing agency and they are not I am not sure why but anyway, yeah anybody can I mean if they have we have people call all the time we never have to change the Ata unless they want to turn over the entire responsibility and what we have right now it is an agency, but a refundable deposit actually no.",1479,1853,
783342003,"United six Z as in Zebra S Q as in Queen Jayson, John B as in boy",190,255,
783825001,Okay cause for this one.,976,1000,
783825001,Thank you existing reservation.,199,230,
783825001,Um this is for December seventh.,372,404,
