document_id,sentence,ua_call_driver
587123001,I understand maam and I if you are specifically trying to log in to your account or are you on the buddy pass what you are trying to enter,Booking|Mileage Plus >> MP - Account Management
587123001,Ocean me I am not a problem at all so the connection seat basically I need to have the destination food up for you here using your phone num,Seating|Booking
587123001,You I do not think it is making Mexican.,Booking
785782007,Okay one moment.,Baggage >> Baggage - Carry-On
785782007,Okay one moment.,New Booking - Checkout >> New Booking - Confirmation/Itinerary|Seating >> Seat Selection >> Seat Selection - Request
785782007,Okay one moment.,Seating