INPUTCOLUMNNAME,INPUTDATATYPE,INPUTFORMAT,OUTPUTCOLUMNNAME,OUTPUTDATATYPE,OUTPUTFORMAT,COLUMNDESCRIPTION,COMMENT,STARTPOSITION,LENGTH
document_id,string,,document_id,integer,,Clarabridge unique_id for the whole document,,,
iinteractionid,string,,interaction_id,integer,,call segment ID ,,,
document_date,string,,document_dtmz,timestamp,,Record date - passed in during upload,,,
verbatim_id,string,,verbatim_id,integer,,Clarabridge unique_id for the verbatim,,,
verbatim_type,string,,verbatim_type,string,,verbatim_type the sentence came from,,,
sentiment,string,,sentiment_score,integer,,Sentiment score for the sentence (-5 to 5),,,
sentence,string,,sentence,string,,the sentence extracted from the verbatim,,,
classifications,string,,call_classifications,string,,"A json object with every category the sentence fell in. The classification is grouped by model and for each category it provides the full tree path separated by. So in the example ""GIS Category Hierarchy"" is a model (and also the level 1 category), ""Gap"" ",,,
agent_clarity,string,,agent_clarity,decimal,,Statistical measure of agent clarity,,,
biinteractionduration,string,,interaction_duration,string,,how long the call lasted,,,
callvariable1,string,,call_variable_1,string,,cti elements passed through ivr-Call Type,,,
cb_sentence_quartile,string,,sentence_quartile,integer,,groups transcript integero quartiles for categorization and reporting purposes,,,
cb_bc_brand,string,,brands_named,string,,brands named in transcription ,,,
cb_document_word_count,string,,document_word_count,integer,,transcribed word count,,,
cb_sentence_ease_score,string,,sentence_ease_score,integer,,"Effort score reflects a level of effort, by sentence, expressed by the customers when experiencing a product or a service (-5 to +5)",,,
client_clarity,string,,client_clarity,decimal,,Statistical measure of client clarity,,,
diarization,string,,call_diarization,decimal,,Confidence in speaker separation (client vs. agent) ,,,
dtintrctnlclstarttime,string,,interaction_start_dtml,timestamp,,when the call started is cst,,,
dtintrctnlclstoptime,string,,interaction_stop_dtml,timestamp,,when the call stoped is cst,,,
duration_s,string,,interaction_duration_in_seconds,decimal,,how long calls lasted in seconds,,,
icontactid,string,,contact_id,integer,,Call contact id generated from NICE system,,,
imediatypeid,string,,media_type_id,integer,,"Identifies if there is a screen recording in NICE, 2=audio only, 3=screen cap",,,
nvcagentid,string,,agent_id,integer,,agent id ,,,
nvcdialednumber,string,,support_dialed_number,string,,support number dialed + agent extension dialed,,,
nvcformattedname,string,,agent_formatted_name,string,,"Agent formatted name (Last, First)",,,
nvcphonenumber,string,,customer_phone,string,,Customer phone number,,,
routercallkeycallid,string,,router_call_key_id,integer,,"Specific to customer call (recycled each day), unique identifier to the complete customer call ",,,
routercallkeyday,string,,router_call_day_key,integer,,"Key specific to date, unique identifier to the complete customer call ",,,
silence,string,,silence_percentage,decimal,,Silence percentage,,,
ticalldirectiontypeid,string,,call_direction_type,string,,Incoming or outgoing ,,,
confidence,string,,transcription_confidence,decimal,,"Statistical score of accumulated error in VTT, accumulation of confidence for each and every utterance transcribed integero a word.  ""Null Hypothesis on steriods...""",,,
callvariable2,string,,call_variable_2,string,,cti elements passed through ivr-Transfer Reason,,,
callvariable3,string,,call_variable_3,string,,cti elements passed through ivr-Customer Name,,,
callvariable4,string,,call_variable_4,string,,cti elements passed through ivr-MP Number / Agency Name,,,
callvariable5,string,,call_variable_5,string,,cti elements passed through ivr-MP Status,,,
callvariable6,string,,call_variable_6,string,,cti elements passed through ivr-PNR/flight number,,,
callvariable7,string,,call_variable_7,string,,"cti elements passed through ivr-Flight Information - DATE,DPRT,ARRV",,,
callvariable8,string,,call_variable_8,string,,cti elements passed through ivr-Survey ID - connects to post-call survey data,,,
callvariable9,string,,call_variable_9,string,,cti elements passed through ivr-Baggage Tracking Number,,,
queue_hold_time,string,,queue_hold_time,decimal,,Pre-call queue time,,,
job_function,string,,agent_job_function,string,,Agent Job Function,,,
wrap_up_time,string,,wrap_up_time,decimal,,Wrap up time after call ends,,,
segment_hold_dur,string,,segment_hold_duration,decimal,,Agent Hold Time,,,
location,string,,agent_location,string,,Location of the agent,,,
location_detail,string,,agent_location_detail,string,,location detail (brick and motor) or remote,,,
location_type,string,,agent_location_type,string,,supplier vs onshore,,,
call_driver_level_1,string,,call_driver_level_1,string,,Level 1 categorization reason for the customer call,,,
call_driver_level_2,string,,call_driver_level_2,string,,Level 2 categorization reason for the customer call,,,
call_driver_level_3,string,,call_driver_level_3,string,,Level 3 categorization reason for the customer call,,,
call_driver_level_4,string,,call_driver_level_4,string,,Level 4 categorization reason for the customer call,,,
call_driver_level_5,string,,call_driver_level_5,string,,Level 5 categorization reason for the customer call,,,
repeat_caller_24,string,,repeat_caller_in_24_hours,string,,Phone number appears more than once in 24 hours,,,
repeat_caller_48,string,,repeat_caller_in_48_hours,string,,Phone number appears more than once in 48 hours,,,
repeat_caller_72,string,,repeat_caller_in_72_hours,string,,Phone number appears more than once in 72 hours,,,
repeat_caller_7,string,,repeat_caller_in_7_days,string,,Phone number appears more than once in 7 days,,,
ms_nvcagentid,string,,multi_segment_agent_id,integer,,"In the case of a multi segment call, this field will show all the agent IDs involved in the call separated with commas.  If single segment, only one agent ID shows.",,,
last_nvcagentid,string,,last_agent_id,integer,,Displays the last call segment agent ID. ,,,
ms_callvariable1,string,,multi_segment_call_variable_1,string,,"In the case of a multi segment call, this field will show all the values of call_variable_1 separated with commas.  If single segment, only one call_variable_1 shows.",,,
last_callvariable1,string,,last_call_variable_1,string,,Displays the last call segment call_variable_1 value. ,,,
ms_nvcctiagentname,string,,multi_segment_agent_name,string,,"In the case of a multi segment call, this field will show all the agent names involved in the call separated with commas.  If single segment, only one agent name shows.",,,
last_nvcctiagentname,string,,last_agent_name,string,,Displays the last call segment agent name. ,,,
