<?xml version="1.0" encoding="UTF-8"?>
<project xmlns="http://maven.apache.org/POM/4.0.0" xmlns:xsi="http://www.w3.org/2001/XMLSchema-instance" xsi:schemaLocation="http://maven.apache.org/POM/4.0.0 http://maven.apache.org/maven-v4_0_0.xsd">
  <parent>
    <artifactId>Spark</artifactId>
    <groupId>CaseStudy</groupId>
    <version>1.0-SNAPSHOT</version>
  </parent>
  <modelVersion>4.0.0</modelVersion>
  <artifactId>Spark-Kafka</artifactId>
  <dependencies>
    <dependency>
      <groupId>org.scalatest</groupId>
      <artifactId>scalatest_2.11</artifactId>
      <version>3.0.0</version>
      <scope>test</scope>
      <exclusions>
        <exclusion>
          <artifactId>scalactic_2.11</artifactId>
          <groupId>org.scalactic</groupId>
        </exclusion>
        <exclusion>
          <artifactId>scala-xml_2.11</artifactId>
          <groupId>org.scala-lang.modules</groupId>
        </exclusion>
        <exclusion>
          <artifactId>scala-parser-combinators_2.11</artifactId>
          <groupId>org.scala-lang.modules</groupId>
        </exclusion>
      </exclusions>
    </dependency>
    <dependency>
      <groupId>org.apache.spark</groupId>
      <artifactId>spark-streaming_2.11</artifactId>
      <version>2.3.1</version>
      <scope>provided</scope>
      <exclusions>
        <exclusion>
          <artifactId>spark-core_2.11</artifactId>
          <groupId>org.apache.spark</groupId>
        </exclusion>
        <exclusion>
          <artifactId>spark-tags_2.11</artifactId>
          <groupId>org.apache.spark</groupId>
        </exclusion>
      </exclusions>
    </dependency>
  </dependencies>
</project>

