{
"docType": "case",
"ccaiCaseId": 97362,
"ezCareCaseId": 123456,
"ccaiCaseStatus": "intake|processing|assigned|rerouted|pending|closed",
"dateCreated": "2019-01-18T00:05:07Z",
"agentId": "u123456",
"dateAssigned": "2019-01-18T00:05:07Z",
"dateClosed": "2019-01-18T00:05:07Z",
"preferredContactEmail": "",
"iPosIndicator": "En-us",
"trip": {
"recordLocator": "KZVGX5",
"tripTotalCost": "998",
"tripTotalCostCurrency": "USD",
"tripScore":"100",
"reroutedFlag": false,
"ticketPurchaseDate": "2019-01-18T00:05:07Z",
"baggageRefNumber": "",
"numCheckedBags": "2",
"tripSegments": [
{
"type": "flight",
"segmentId": 1,
"customerSelectedSegment": true,
"passengerIds": [1, 2],
"flightNumber": 1626,
"delayReasonCode": "Controllable|Uncontrollable",
"issueDetails": "",
"scheduledDepDate": "2019-01-18T00:05:07Z",
"scheduledArrDate": "2019-01-18T00:05:07Z",
"actualDepDate": "2019-01-18T00:05:07Z",
"actualArrDate": "2019-01-18T00:05:07Z",
"flightDate": "2019-01-18T00:05:07Z",
"scheduledDepDateLocal": "2018-03-01T17:20:33",
"scheduledArrDateLocal": "2018-03-01T17:20:33",
"actualDepDateLocal": "2018-03-01T17:20:33",
"actualArrDateLocal": "2018-03-01T17:20:33",
"flightDateLocal": "2018-03-01T17:20:33",
"delayArrivalMinutes": "",
"delayDepartureMinutes": "",
"originAirport": "ORD",
"destinationAirport": "EWR",
"carrierCode": "UA",
"ticketStatus": "Checked In|Boarded",
"bookingClassCode": "J|K",
"seatNumber": "2A",
"segmentFlown": true 
}
],
"flightIncidents": [
{
"carrierCode": "UA",
"locationCode": "",
"originAirport": "IAD",
"destinationAirport": "DEN",
"flightNumber": "495",
"eventDate": "2019-01-18T00:05:07Z",
"remarks": "PROTeam ACTION TAKEN*PLEASE RESPOND", 
"ezCareReportCaseId": "5762431", 
"detailSeqNum": "1",
"typeCode": "3",
"typeDescription": "Field",
"departmentCode": "H3",
"deptDescription": "Flight Operations",
"primaryCode": "3HFLT",
"primaryDescription": "Incident Flight",
"itmcReasonCode": "",
"itmcCategory": "",
"itmcIncident": ""
}
]
},
"passengers": [
{
"type": "suggested",
"isPrimary": true,
"passengerId": "1",
"lastName": "Volt",
"firstName": "Jon",
"middleName": "P",
"title":"Mr.",
"suffix":"Esq.",
"email":"name@email.com",
"phoneNumber":"708-555-1111",
"phoneExt":"1234",
"phoneType":"M",
"address1": "123 Main St.",
"address2": "",
"address3": "",
"addressType":"H",
"city":"Chicago",
"state":"IL",
"postalCode":"60606",
"countryCode":"US",
"companyName":"",
"dateOfBirth": "",
"mileagePlusNumber": "ST100915",
"frequentFlyerProgram":"UA",
"customerId": "",
"noteWorthyPerson": "",
"isPrisonerOrGuard": "",
"isUnaccompaniedMinor": "",
"isDisabled": "",
"ticketNumber": "01655555555555",
"ticketTotalCost": "998",
"ticketTotalCostCurrency": "USD",
"memberSinceDate": "2019-01-18T00:05:07Z",
"customerValueScore":"8",
"currentMPStatus":"General|Silver|Gold|Platinum|1k|Global Services",
"currentMPStatusCode":"0|1|2|3|4|5",
"premiereQualifyingDollars":"674",
"premiereQualifyingMiles":"1500",
"premiereQualifyingSegments":"2",
"previousYearPQD":"674",
"previousYearPQM":"1500",
"previousYearPQS":"2",
"lifetimeMiles":"5000",
"currentMileageBalance":"1500",
"disserviceIndex":""
}
],
"notes": [
{
"type": "agentNote",
"sequenceNumber":"",
"dateCreated":"2019-01-18T00:05:07Z",
"agentId":"",
"description": ""
}
],
"correspondence": [
{
"type": "webform",
"state": "",
"correspondenceId": 1,
"date": "2019-01-18T00:05:07Z",
"responseRequested": true,
"customerEmail": "",
"agentId": "",
"bodyText": "",
"bodyTextHtml": "",
"suggestedBodyText":"",
"suggestions":[
{
"suggestedTemplateId":"12",
"confidenceScore":""
}
],
"selectedTemplateId": "",
"attachments": [
{
"fileId": "",
"filePath": "",
"fileType": "",
"fileName": ""
}
]
}
],
"feedback": [
{
"type": "Complaint|Compliment|Inquiry|Suggestion",
"state": "",
"mentionedEmployeeName": "",
"feedbackCategory": "Airport Experience",
"selectedTypeDescription":"Complaint",
"selectedTypeCode":"",
"selectedDepartmentDescription":"Customer Care",
"selectedDepartmentCode":"",
"selectedPrimaryDescription": "WiFi",
"selectedPrimaryCode": "",
"suggestions":[
{
"suggestedPrimaryCode":"",
"suggestedPrimaryDescription":"",
"suggestedDepartmentCode":"",
"suggestedDepartmentDescription":"",
"suggestedTypeCode":"",
"suggestedTypeDescription":"",
"confidenceScore":""
}
],
"suggestedPrimarySelected": true,
"date": "2019-01-18T00:05:07Z",
"overrideDate": "2019-01-18T00:05:07Z",
"agentId": "",
"issueLocation":"ORD",
"compensation": [
{
"passengerIds": [1, 2],
"type": "EL|MP|DF",
"amount": "150",
"currency": "USD",
"suggestions":[
{
"suggestedCompensationType":"Miles",
"minimumSuggestedCompensationAmount":"",
"maximumSuggestedCompensationAmount":"",
"meanSuggestedCompensationAmount":""
}
],
"suggestedAmountSelected": true 
}
]
}
]
}
