{"agentId": "u351817", "passengers": [{"lastName": "Smith", "ticketNumber": 162528894532, "city": "Houston", "postalCode": "77002-7362", "companyName": "", "title": "MR", "suffix": "", "premiereQualifyingSegments": 0.0, "customerValueScore": 0.0, "mileagePlusNumber": "CF392174", "isPrimary": true, "countryCode": "US", "ticketTotalCost": 0.0, "customerId": "122900764", "state": "TX", "lifetimeMiles": 186430, "email": "AjaySantosh.Bolisetty@united.com", "phoneExt": "", "phoneType": "PH", "premiereQualifyingDollars": 0.0, "address3": "", "currentMPStatusCode": "2", "address2": "", "address1": "1600 Smith St", "addressType": "H", "noteWorthyPerson": "false", "dateOfBirth": "1988-08-31T00:00:00-05:00", "currentMileageBalance": 105190, "frequentFlyerProgram": "UA", "firstName": "John", "memberSinceDate": "2014-11-13T00:00:00", "phoneNumber": "+13455553421", "premiereQualifyingMiles": 0, "currentMPStatus": "Premier Gold", "passengerId": 1, "middleName": ""}], "notes": [], "preferredContactEmail": "william.branda@united.com", "docType": "case", "correspondence": [{"date": "2019-03-01T19:29:52Z", "correspondenceId": 1, "bodyText": "I could add this comment to EVERY flight option in my recent experienc.  It pertains to in-flight Wifi... or the lack thereof.  More often than not, the wifi just does not work.  When it does occasionally work, it fails for more than half of the flight.  I pay for a subscription, and yet many times - including today - the system does not recognize my user name and I have to pay as a guest.  Then, I spend half the flight with no service and the rest of the flight with partial service.  My only option Is to keep giving you this same feedback on every flight. Either actually deliver on what you sell, or just stop setting false expectations don't pretend to offer in-flight wifi.  I am also going to challenge every transaction you have made on my card with my bank where you have failed to deliver service, including my monthly subscription.  Check your records - I fly with you almost every week and it's the same", "type": "webform", "responseRequested": true}], "ccaiCaseStatus": "assigned", "ccaiCaseId": 155146859224759, "iPosIndicator": "en-US", "feedback": [{"suggestions": [{"suggestedTypeDescription": "Complaint", "suggestedPrimaryDescription": "Wi-Fi", "confidenceScore": 0.8338193967672689, "suggestedDepartmentDescription": "2-Aircraft Cabin", "suggestedPrimaryCode": "1ACWI", "suggestedDepartmentCode": "AC1", "suggestedTypeCode": "1"}, {"suggestedTypeDescription": "Complaint", "suggestedPrimaryDescription": "Entertainment (Audio/Video)", "confidenceScore": 0.06286582053801944, "suggestedDepartmentDescription": "2-Aircraft Cabin", "suggestedPrimaryCode": "1ACAV", "suggestedDepartmentCode": "AC1", "suggestedTypeCode": "1"}, {"suggestedTypeDescription": "Complaint", "suggestedPrimaryDescription": "PROTeam Comp-Unaware of offer", "confidenceScore": 0.011902432601142161, "suggestedDepartmentDescription": "7-Customer Care", "suggestedPrimaryCode": "1CCPAW", "suggestedDepartmentCode": "CC1", "suggestedTypeCode": "1"}, {"suggestedPrimaryDescription": "PROTeam Comp-Redemption Error", "confidenceScore": 0.0057936412756678865, "suggestedPrimaryCode": "1CCPER"}, {"suggestedTypeDescription": "Inquiry", "suggestedPrimaryDescription": "Case Follow Up (inquiries only)", "confidenceScore": 0.004938766484896644, "suggestedDepartmentDescription": "7-Customer Care", "suggestedPrimaryCode": "4CCFC", "suggestedDepartmentCode": "CC4", "suggestedTypeCode": "4"}], "type": "Concern", "selectedPrimaryCode": "123", "feedbackCategory": "Flight experience"}], "dateCreated": "2019-03-01T19:29:52Z", "trip": {"tripTotalCostCurrency": "USD", "tripSegments": [{"bookingClassCode": "Y", "scheduledDepDate": "2019-02-28T17:55:00", "flightDate": "2019-02-28T12:55:00.0000000-06:00", "scheduledArrDate": "2019-02-28T19:47:00", "type": "flight", "issueDetails": "Late aircraft", "actualDepDate": "2019-02-28T19:14:00", "seatNumber": "18C", "flightNumber": 878, "destinationAirport": "RDU", "originAirport": "EWR", "delayReasonCode": "LAE", "segmentId": 1, "carrierCode": "UA", "actualArrDate": "2019-02-28T20:50:00"}, {"bookingClassCode": "Y", "scheduledDepDate": "2019-03-09T21:30:00", "flightDate": "2019-03-09T16:30:00.0000000-06:00", "scheduledArrDate": "2019-03-09T23:19:00", "type": "flight", "actualDepDate": "2019-03-09T21:30:00", "seatNumber": "22A", "flightNumber": 3712, "destinationAirport": "EWR", "originAirport": "RDU", "segmentId": 2, "carrierCode": "UA", "actualArrDate": "2019-03-09T23:19:00"}], "recordLocator": "AXQRTG", "flightIncidents": [{"departmentCode": "FO1", "itmcCategory": "", "typeDescription": "Complaint", "primaryDescription": "Delay-Controllable", "primaryCode": "1FOCC", "detailSeqNum": "1", "destinationAirport": "RDU", "flightNumber": 878, "typeCode": "1", "originAirport": "EWR", "deptDescription": "1-Flight Operations", "itmcIncident": "", "ezCareReportCaseId": "8862169", "itmcReasonCode": "", "carrierCode": "UA", "locationCode": "EWR", "remarks": "****PROTeam ACTION TAKEN***PLEASE RESPOND TO ANY FOLLOW-UP ON AN INDIVIDUAL BASIS***\r\nMECH RTBL ENGINE ISSUES   - Total Delay 5.07L - LGAInvited PAX to visit United Cares Website\r\nMINOR SHORT HAUL        United First / Business           United Economy \t\r\nMPI Status\t             Trav Cert      Miles \t         Trav Cert \tMiles\t  \r\nGS/PREMIER 1K\t              $125 \t   6,250 \t            $100\t5,000 \r\nPREM GOLD/PREM PLAT   $100\t   5,000 \t            $75\t3,750 \r\nPREM SILVER/MPI GEN       $75             3,750 \t            $50\t2,500 \t\r\nNON MPI MEMBER\t$75                 ---\t            $50                  ---", "eventDate": "2/28/2019 2:02:28 PM"}, {"departmentCode": "", "itmcCategory": "", "typeDescription": "", "primaryDescription": "", "primaryCode": "", "detailSeqNum": "", "destinationAirport": "RDU", "flightNumber": 878, "typeCode": "", "originAirport": "EWR", "deptDescription": "", "itmcIncident": "", "ezCareReportCaseId": "8861773", "itmcReasonCode": "", "carrierCode": "UA", "locationCode": "", "remarks": "****PROTeam ACTION TAKEN***PLEASE RESPOND TO ANY FOLLOW-UP ON AN INDIVIDUAL BASIS***\r\nMECHANICAL OVERNIGHT - Total Dela13.36L - sav  Invited PAX to visit United Cares Website        \r\nSEVERE SHORT HAUL\r\nStatus \t      \t\tTrav Cert   Miles \tTrav Cert Miles\t\t\r\nGS/PREMIER 1K \t   $275     13,750\t$250\t12,500\t        \t\r\nPREM GOLD/PREM PLAT  $250\t  12,500\t\t$200\t10,000\t        \t\r\nPREM SILVER/MPI GEN \t   $200    10,000\t\t$150\t 7,500\t        \r\nNON MPI MEMBER\t   $200\t    ---\t\t$150\t     ---", "eventDate": "2/27/2019 4:46:22 PM"}], "tripTotalCost": 254.6}, "_class": "com.united.customercare.model.ModelCase", "dateAssigned": "2019-03-01T22:10:48Z", "key": "155146859224759"}