
    {
      "id": "155773986510333",
      "_docType": "case",
      "_version": null,
      "ccaiCaseId": 155773986510333,
      "ezCareCaseId": 8872498,
      "ccaiCaseStatus": "closed",
      "dateCreated": "2019-05-13T09:31:05Z",
      "agentId": "v788424",
      "dateAssigned": "2019-05-13T09:37:33Z",
      "dateClosed": "2019-05-13T17:23:06.61-05:00",
      "preferredContactEmail": "Rajesh.Dave@united.com",
      "iPosIndicator": "en-US",
      "trip": {
        "recordLocator": "PGFS88",
        "tripScore": null,
        "tripTotalCost": 367.3,
        "tripTotalCostCurrency": "USD",
        "reroutedFlag": null,
        "ticketPurchaseDate": null,
        "baggageRefNumber": null,
        "numCheckedBags": null,
        "tripSegments": [
          {
            "_type": "flight",
            "segmentId": 1,
            "passengerIds": [
              1
            ],
            "delayReasonCode": null,
            "flightNumber": 233,
            "issueDetails": null,
            "scheduledDepDate": "2019-05-13T12:40:00",
            "scheduledArrDate": "2019-05-13T15:27:00",
            "actualDepDate": "2019-05-13T12:40:00",
            "actualArrDate": "2019-05-13T15:16:00",
            "flightDate": "2019-05-13T07:40:00",
            "scheduledDepDateLocal": "2019-05-13T07:40:00",
            "scheduledArrDateLocal": "2019-05-13T10:27:00",
            "actualDepDateLocal": "2019-05-13T07:40:00",
            "actualArrDateLocal": "2019-05-13T10:16:00",
            "flightDateLocal": null,
            "delayArrivalMinutes": null,
            "delayDepartureMinutes": null,
            "originAirport": "SAT",
            "destinationAirport": "ORD",
            "carrierCode": "UA",
            "ticketStatus": null,
            "bookingClassCode": null,
            "seatNumber": null,
            "segmentFlown": null
          },
          {
            "_type": "flight",
            "segmentId": 2,
            "passengerIds": [
              1
            ],
            "delayReasonCode": null,
            "flightNumber": 2066,
            "issueDetails": null,
            "scheduledDepDate": "2019-05-13T16:25:00",
            "scheduledArrDate": "2019-05-13T19:33:00",
            "actualDepDate": "2019-05-13T16:25:00",
            "actualArrDate": "2019-05-13T19:33:00",
            "flightDate": "2019-05-13T11:25:00",
            "scheduledDepDateLocal": "2019-05-13T11:25:00",
            "scheduledArrDateLocal": "2019-05-13T15:33:00",
            "actualDepDateLocal": "2019-05-13T11:25:00",
            "actualArrDateLocal": "2019-05-13T15:33:00",
            "flightDateLocal": null,
            "delayArrivalMinutes": null,
            "delayDepartureMinutes": null,
            "originAirport": "ORD",
            "destinationAirport": "FLL",
            "carrierCode": "UA",
            "ticketStatus": null,
            "bookingClassCode": null,
            "seatNumber": null,
            "segmentFlown": null
          },
          {
            "_type": "flight",
            "segmentId": 3,
            "passengerIds": [
              1
            ],
            "delayReasonCode": null,
            "flightNumber": 832,
            "issueDetails": null,
            "scheduledDepDate": "2019-05-15T19:00:00",
            "scheduledArrDate": "2019-05-15T21:59:00",
            "actualDepDate": "2019-05-15T19:00:00",
            "actualArrDate": "2019-05-15T21:59:00",
            "flightDate": "2019-05-15T15:00:00",
            "scheduledDepDateLocal": "2019-05-15T15:00:00",
            "scheduledArrDateLocal": "2019-05-15T16:59:00",
            "actualDepDateLocal": "2019-05-15T15:00:00",
            "actualArrDateLocal": "2019-05-15T16:59:00",
            "flightDateLocal": null,
            "delayArrivalMinutes": null,
            "delayDepartureMinutes": null,
            "originAirport": "FLL",
            "destinationAirport": "IAH",
            "carrierCode": "UA",
            "ticketStatus": null,
            "bookingClassCode": null,
            "seatNumber": null,
            "segmentFlown": null
          },
          {
            "_type": "flight",
            "segmentId": 4,
            "passengerIds": [
              1
            ],
            "delayReasonCode": null,
            "flightNumber": 1793,
            "issueDetails": null,
            "scheduledDepDate": "2019-05-15T23:20:00",
            "scheduledArrDate": "2019-05-16T00:22:00",
            "actualDepDate": "2019-05-15T23:20:00",
            "actualArrDate": "2019-05-16T00:22:00",
            "flightDate": "2019-05-15T18:20:00",
            "scheduledDepDateLocal": "2019-05-15T18:20:00",
            "scheduledArrDateLocal": "2019-05-15T19:22:00",
            "actualDepDateLocal": "2019-05-15T18:20:00",
            "actualArrDateLocal": "2019-05-15T19:22:00",
            "flightDateLocal": null,
            "delayArrivalMinutes": null,
            "delayDepartureMinutes": null,
            "originAirport": "IAH",
            "destinationAirport": "SAT",
            "carrierCode": "UA",
            "ticketStatus": null,
            "bookingClassCode": null,
            "seatNumber": null,
            "segmentFlown": null
          }
        ],
        "flightIncidents": [
          null
        ]
      },
      "notes": [
        {
          "_type": "agent",
          "sequenceNumber": 1,
          "agentId": "v788424",
          "description": "HI New features testing",
          "dateCreated": "2019-05-13T18:24:44Z"
        },
        {
          "_type": "agent",
          "sequenceNumber": 1,
          "agentId": "v788424",
          "description": "HI New features testing",
          "dateCreated": "2019-05-13T18:24:44Z"
        }
      ],
      "correspondence": [
        {
          "_type": "webform",
          "_state": null,
          "date": "2019-05-13T09:31:05Z",
          "responseRequested": true,
          "customerEmail": null,
          "agentId": null,
          "bodyText": "Never thought that these things will take place during my journey... employees was so frustrated and was not giving any proper response to the customers and are very irritating when we approach them.There was no cleanness in the craft and so noisy,,being a heart patient how can I tolerate all those sounds.it is very harmful to my health",
          "suggestedBodyText": "Never thought that these things will take place during my journey... employees was so frustrated and was not giving any proper response to the customers and are very irritating when we approach them.There was no cleanness in the craft and so noisy,,being a heart patient how can I tolerate all those sounds.it is very harmful to my health",
          "bodyTextHtml": null,
          "correspondenceId": 1, 
          "suggestions": [
            null
          ],
          "selectedTemplateId": null,
          "attachments": [
            {
              "fileId": 5313,
              "filePath": "/data/d_cuc_ws01/case_attachments/155773986510333/821CCCAi.docx",
              "fileType": "application/vnd.openxmlformats-officedocument.wordprocessingml.document",
              "fileName": "821CCCAi.docx"
            },
            {
              "fileId": 5314,
              "filePath": "/data/d_cuc_ws01/case_attachments/155773986510333/ccai notes.txt",
              "fileType": "text/plain",
              "fileName": "ccai notes.txt"
            }
          ]
        },
        {
          "_type": "agent",
          "_state": null,
          "date": "2019-05-13T18:35:26Z",
          "responseRequested": false,
          "customerEmail": "harikareddy.peddireddy@united.com",
          "agentId": "v788424",
          "bodyText": "Hi FERNANDOA,\n\nI hope I can clarify Uniteds ticketing procedures. Once your itinerary is ticketed, youll receive a receipt via email which includes important details about your trip.\n\nDuring the first 24 hours, youll have the chance to review the information and contact us for any necessary changes. As long as you have purchased your tickets through united.com or United Reservations, you may be eligible for a waiver of changes/fees, or a refund under our 24-hour flexible policy. If you have other questions, please dont hesitate to reach out.\n\nThank you for choosing us for your travel. We look forward to serving you on your next United flight.\n\nRegards,\n\nHarika\nCustomer Care\nCase ID: 155773986510333,\n\nWe thank you for your continued loyalty, as a valued Premier 1K customer. We thank you for your continued loyalty, as a valued Premier 1K customer.",
          "suggestedBodyText": null,
          "bodyTextHtml": "Hi FERNANDOA,<br><br>I hope I can clarify Uniteds ticketing procedures. Once your itinerary is ticketed, youll receive a receipt via email which includes important details about your trip.<br><br>During the first 24 hours, youll have the chance to review the information and contact us for any necessary changes. As long as you have purchased your tickets through united.com or United Reservations, you may be eligible for a waiver of changes/fees, or a refund under our 24-hour flexible policy. If you have other questions, please dont hesitate to reach out.<br><br>Thank you for choosing us for your travel. We look forward to serving you on your next United flight.<br><br>Regards,<br><br>Harika<br>Customer Care<br>Case ID: 155773986510333, <br><br>We thank you for your continued loyalty, as a valued Premier 1K customer. We thank you for your continued loyalty, as a valued Premier 1K customer.",
          "correspondenceId": 2,
          "suggestions": [
            null
          ],
          "selectedTemplateId": 106,
          "attachments": [
            {
              "fileId": 5330,
              "filePath": "/data/d_cuc_ws01/case_attachments/155773986510333/accelq.docx",
              "fileType": "application/vnd.openxmlformats-officedocument.wordprocessingml.document",
              "fileName": "accelq.docx"
            }
          ]
        }
      ],
      "passengers": [
        {
          "_type": null,
          "isPrimary": true,
          "passengerId": 1,
          "email": "harikareddy.peddireddy@united.com",
          "phoneNumber": "+18728721101",
          "phoneExt": "",
          "phoneType": "PH",
          "title": "MR",
          "firstName": "FERNANDOA",
          "middleName": "test",
          "lastName": "ARRIOLA",
          "suffix": "",
          "address1": "233 S Wacker Dr Fl 13",
          "address2": "",
          "address3": "",
          "addressType": "H",
          "city": "Chicago",
          "state": "IL",
          "postalCode": "60606-6412",
          "countryCode": "US",
          "companyName": "",
          "dateOfBirth": "1999-04-10T00:00:00-05:00",
          "mileagePlusNumber": "KX303339",
          "noteWorthyPerson": "false",
          "isPrisonerOrGuard": null,
          "isUnaccompaniedMinor": null,
          "isDisabled": null,
          "customerId": "114132230",
          "frequentFlyerProgram": "UA",
          "ticketNumber": 167295678488,
          "ticketTotalCost": 0,
          "ticketTotalCostCurrency": null,
          "memberSinceDate": "2013-05-17T00:00:00",
          "customerValueScore": 0,
          "currentMPStatus": "Premier 1K",
          "currentMPStatusCode": "4",
          "premiereQualifyingDollars": 10000,
          "premiereQualifyingMiles": 0,
          "premiereQualifyingSegments": 0,
          "previousYearPQD": null,
          "previousYearPQM": null,
          "previousYearPQS": null,
          "lifetimeMiles": 0,
          "currentMileageBalance": 9223,
          "disserviceIndex": null
        },
        {
          "_type": "secondary",
          "isPrimary": false,
          "passengerId": 2,
          "email": "ajaysantosh.bolisetty@united.com",
          "phoneNumber": "3241234",
          "phoneExt": null,
          "phoneType": null,
          "title": "MR",
          "firstName": "BLUE",
          "middleName": null,
          "lastName": "CIPODEQA",
          "suffix": "",
          "address1": "77 w wacker dr",
          "address2": null,
          "address3": null,
          "addressType": null,
          "city": "chicago",
          "state": "IL",
          "postalCode": "60601",
          "countryCode": "US",
          "companyName": null,
          "dateOfBirth": null,
          "mileagePlusNumber": "CF392075",
          "noteWorthyPerson": null,
          "isPrisonerOrGuard": null,
          "isUnaccompaniedMinor": null,
          "isDisabled": null,
          "customerId": "122900360",
          "frequentFlyerProgram": null,
          "ticketNumber": null,
          "ticketTotalCost": null,
          "ticketTotalCostCurrency": null,
          "memberSinceDate": null,
          "customerValueScore": null,
          "currentMPStatus": null,
          "currentMPStatusCode": null,
          "premiereQualifyingDollars": null,
          "premiereQualifyingMiles": null,
          "premiereQualifyingSegments": null,
          "previousYearPQD": null,
          "previousYearPQM": null,
          "previousYearPQS": null,
          "lifetimeMiles": null,
          "currentMileageBalance": null,
          "disserviceIndex": null
        },
        {
          "_type": "secondary",
          "isPrimary": false,
          "passengerId": 3,
          "email": "AjaySantosh.Bolisetty@united.com",
          "phoneNumber": "8721101",
          "phoneExt": null,
          "phoneType": null,
          "title": "MR",
          "firstName": "GREEN",
          "middleName": null,
          "lastName": "CIPODEQA",
          "suffix": "",
          "address1": "1600 smith st",
          "address2": null,
          "address3": null,
          "addressType": null,
          "city": "houston",
          "state": "TX",
          "postalCode": "77002-7362",
          "countryCode": "US",
          "companyName": null,
          "dateOfBirth": null,
          "mileagePlusNumber": "CF392174",
          "noteWorthyPerson": null,
          "isPrisonerOrGuard": null,
          "isUnaccompaniedMinor": null,
          "isDisabled": null,
          "customerId": "122900764",
          "frequentFlyerProgram": null,
          "ticketNumber": null,
          "ticketTotalCost": null,
          "ticketTotalCostCurrency": null,
          "memberSinceDate": null,
          "customerValueScore": null,
          "currentMPStatus": null,
          "currentMPStatusCode": null,
          "premiereQualifyingDollars": null,
          "premiereQualifyingMiles": null,
          "premiereQualifyingSegments": null,
          "previousYearPQD": null,
          "previousYearPQM": null,
          "previousYearPQS": null,
          "lifetimeMiles": null,
          "currentMileageBalance": null,
          "disserviceIndex": null
        },
        {
          "_type": "secondary",
          "isPrimary": false,
          "passengerId": 4,
          "email": "ajaysantosh.bolisetty@united.com",
          "phoneNumber": "8721101",
          "phoneExt": null,
          "phoneType": null,
          "title": "MR",
          "firstName": "INDIGO",
          "middleName": null,
          "lastName": "CIPODEQA",
          "suffix": "",
          "address1": "1600 smith st",
          "address2": null,
          "address3": null,
          "addressType": null,
          "city": "houston",
          "state": "TX",
          "postalCode": "77002-7362",
          "countryCode": "US",
          "companyName": null,
          "dateOfBirth": null,
          "mileagePlusNumber": "CF392059",
          "noteWorthyPerson": null,
          "isPrisonerOrGuard": null,
          "isUnaccompaniedMinor": null,
          "isDisabled": null,
          "customerId": "122899870",
          "frequentFlyerProgram": null,
          "ticketNumber": null,
          "ticketTotalCost": null,
          "ticketTotalCostCurrency": null,
          "memberSinceDate": null,
          "customerValueScore": null,
          "currentMPStatus": null,
          "currentMPStatusCode": null,
          "premiereQualifyingDollars": null,
          "premiereQualifyingMiles": null,
          "premiereQualifyingSegments": null,
          "previousYearPQD": null,
          "previousYearPQM": null,
          "previousYearPQS": null,
          "lifetimeMiles": null,
          "currentMileageBalance": null,
          "disserviceIndex": null
        }
      ],
      "feedback": [
        {
          "_type": "Concern",
          "_state": "closed",
          "feedbackCategory": "Airport experience",
          "selectedTypeDescription": "Complaint",
          "selectedTypeCode": "1",
          "selectedPrimaryCode": "1AOEM",
          "selectedPrimaryDescription": "Employee - 7%",
          "selectedDepartmentDescription": "3-Airport",
          "selectedDepartmentCode": "AO1",
          "mentionedEmployeeName": "",
          "suggestions": [
            {
              "suggestedPrimaryCode": "1FODU",
              "suggestedPrimaryDescription": "Delay-Uncontrollable",
              "suggestedDepartmentCode": "FO1",
              "suggestedDepartmentDescription": "1-Flight Operations",
              "suggestedTypeCode": "1",
              "suggestedTypeDescription": "Complaint",
              "confidenceScore": 0.022472315396894517
            },
            {
              "suggestedPrimaryCode": "1ACAP",
              "suggestedPrimaryDescription": "Appearance",
              "suggestedDepartmentCode": "AC1",
              "suggestedDepartmentDescription": "2-Aircraft Cabin",
              "suggestedTypeCode": "1",
              "suggestedTypeDescription": "Complaint",
              "confidenceScore": 0.033197326610814704
            },
            {
              "suggestedPrimaryCode": "1FODC",
              "suggestedPrimaryDescription": "Delay-Controllable",
              "suggestedDepartmentCode": "FO1",
              "suggestedDepartmentDescription": "1-Flight Operations",
              "suggestedTypeCode": "1",
              "suggestedTypeDescription": "Complaint",
              "confidenceScore": 0.0432332323990045
            },
            {
              "suggestedPrimaryCode": "1AOEN",
              "suggestedPrimaryDescription": "Employee Named",
              "suggestedDepartmentCode": "AO1",
              "suggestedDepartmentDescription": "3-Airport",
              "suggestedTypeCode": "1",
              "suggestedTypeDescription": "Complaint",
              "confidenceScore": 0.04760654567053237
            },
            {
              "suggestedPrimaryCode": "1AOEM",
              "suggestedPrimaryDescription": "Employee",
              "suggestedDepartmentCode": "AO1",
              "suggestedDepartmentDescription": "3-Airport",
              "suggestedTypeCode": "1",
              "suggestedTypeDescription": "Complaint",
              "confidenceScore": 0.0693276682233331
            }
          ],
          "suggestedPrimarySelected": true,
          "overrideDate": null,
          "agentId": "v788424",
          "issueLocation": "SAT",
          "compensation": [
            {
              "passengerIds": [
                1,
                2,
                3,
                4
              ],
              "_type": "EL",
              "amount": 159,
              "currency": "USD",
              "suggestions": [
                {
                  "suggestedCompensationType": "etc",
                  "minimumSuggestedCompensationAmount": "125",
                  "maximumSuggestedCompensationAmount": "175",
                  "meanSuggestedCompensationAmount": "150"
                }
              ],
              "suggestedAmountSelected": true
            },
            {
              "passengerIds": [
                1
              ],
              "_type": "MP",
              "amount": 7500,
              "currency": "USD",
              "suggestions": [
                {
                  "suggestedCompensationType": "miles",
                  "minimumSuggestedCompensationAmount": "6250",
                  "maximumSuggestedCompensationAmount": "8750",
                  "meanSuggestedCompensationAmount": "7500"
                }
              ],
              "suggestedAmountSelected": true
            }
          ]
        },
        {
          "_type": "",
          "_state": "closed",
          "feedbackCategory": "Airport experience",
          "selectedTypeDescription": "Compliment",
          "selectedTypeCode": "2",
          "selectedPrimaryCode": "2AOFCL",
          "selectedPrimaryDescription": "Facilities",
          "selectedDepartmentDescription": "3-Airport",
          "selectedDepartmentCode": "AO2",
          "mentionedEmployeeName": "",
          "suggestions": [
            null
          ],
          "suggestedPrimarySelected": false,
          "overrideDate": null,
          "agentId": "v788424",
          "issueLocation": "OXR",
          "compensation": [
            {
              "passengerIds": [
                3
              ],
              "_type": "EL",
              "amount": 177,
              "currency": "USD",
              "suggestions": [
                {
                  "suggestedCompensationType": "etc",
                  "minimumSuggestedCompensationAmount": "125",
                  "maximumSuggestedCompensationAmount": "175",
                  "meanSuggestedCompensationAmount": "150"
                }
              ],
              "suggestedAmountSelected": false
            }
          ]
        }
      ]
    }

