{
  "key": "22256",
  "docType": "queue",
  "subType": "user",
  "event": "mutation",
  "isDeleted": false,
  "description": "test cases",
  "vBucketUuid": 105737114890676,
  "priority": 1,
  "source": {
    "sourceName": "CuC AI",
    "sourceCd": "CCAI"
  },
  "displayOrder": 1,
  "dateUpdated": "2020-03-05T11:20:59Z",
  "_class": "com.united.admin.model.Queue",
  "ingest_timestamp": 1583428859925,
  "autoAcknowledgementType": "default",
  "matchCriterias": [
    {
      "booleanOperator": "OR",
      "docType": "criteria",
      "value": "richard.d.martin@united.com",
      "criteriaId": "mc123",
      "criteria": "preferredContactEmail",
      "comparativeOperator": "CONTAINS",
      "type": "matchCriteria"
    },
    {
      "booleanOperator": "OR",
      "docType": "criteria",
      "value": "richmartin13@gmail.com",
      "criteriaId": "mc123",
      "criteria": "preferredContactEmail",
      "comparativeOperator": "CONTAINS",
      "type": "matchCriteria"
    }
  ],
  "creationType": "user",
  "userGroupIds": [],
  "dateCreated": "2020-03-05T17:08:43Z",
  "createdBy": "u197243",
  "updatedBy": "u135405",
  "queueId": "22256",
  "name": "Rich's queue",
  "partition": 389,
  "enabled": false,
  "sla": "36000000",
  "sequence_number": 630
}