{
  "_class": "com.united.admin.model.Queue",
  "autoAcknowledgementType": "default",
  "dateCreated": "2019-10-15T18:43:11Z",
  "dateUpdated": "2020-01-17T15:46:55Z",
  "description": "abc",
  "displayOrder": 1000,
  "docType": "queue",
  "enabled": true,
  "matchCriterias": [
    {
      "booleanOperator": "OR",
      "comparativeOperator": "CONTAINS",
      "criteria": "iPosIndicator",
      "criteriaId": "mc123",
      "docType": "criteria",
      "type": "matchCriteria",
      "value": "zh-cn"
    }
  ],
  "name": "Chinese",
  "priority": 11,
  "queueId": "13633",
  "sla": "864000000",
  "sortCriterias": [
    {
      "criteria": "dateCreated",
      "value": "ASC"
    }
  ],
  "source": {
    "sourceCd": "CCAI",
    "sourceName": "CuC AI"
  },
  "subType": "hotTopic",
  "type": "IAM",
  "updatedBy": "v784657",
  "userGroupIds": []
}